City,Pollutant,Model,MSE,MAE,R2
A,SO2,Linear,1.6739811787364546e-06,0.0012025997607232174,-0.6739811787364571
A,NO2,Linear,1.2377268634274161e-05,0.0029739666639704947,-11.377268634274138
A,PM10,Linear,0.00017853861290506134,0.011532428419694894,0.6624978962097139
